<keymap version="1" name="Mac OS X 10.5+ copy" parent="Mac OS X 10.5+">
  <action id="Go To Tab #1">
    <keyboard-shortcut first-keystroke="ctrl 1" />
  </action>
  <action id="Go To Tab #10">
    <keyboard-shortcut first-keystroke="ctrl 0" />
  </action>
  <action id="Go To Tab #2">
    <keyboard-shortcut first-keystroke="ctrl 2" />
  </action>
  <action id="Go To Tab #3">
    <keyboard-shortcut first-keystroke="ctrl 3" />
  </action>
  <action id="Go To Tab #4">
    <keyboard-shortcut first-keystroke="ctrl 4" />
  </action>
  <action id="Go To Tab #5">
    <keyboard-shortcut first-keystroke="ctrl 5" />
  </action>
  <action id="Go To Tab #6">
    <keyboard-shortcut first-keystroke="ctrl 6" />
  </action>
  <action id="Go To Tab #7">
    <keyboard-shortcut first-keystroke="ctrl 7" />
  </action>
  <action id="Go To Tab #8">
    <keyboard-shortcut first-keystroke="ctrl 8" />
  </action>
  <action id="Go To Tab #9">
    <keyboard-shortcut first-keystroke="ctrl 9" />
  </action>
  <action id="GotoBookmark0" />
  <action id="GotoBookmark1" />
  <action id="GotoBookmark2" />
  <action id="GotoBookmark3" />
  <action id="GotoBookmark4" />
  <action id="GotoBookmark5" />
  <action id="GotoBookmark6" />
  <action id="GotoBookmark7" />
  <action id="GotoBookmark8" />
  <action id="GotoBookmark9" />
  <action id="Macro.Reformat Code">
    <keyboard-shortcut first-keystroke="shift ctrl meta p" />
  </action>
  <action id="ToggleDistractionFreeMode">
    <keyboard-shortcut first-keystroke="ctrl f11" />
  </action>
</keymap>