<application>
  <component name="Kafkalytic">
    <option name="clusters">
      <map>
        <entry key="localhost:9092">
          <value>
            <map>
              <entry key="bootstrap.servers" value="localhost:9092" />
              <entry key="name" value="localhost:9092" />
              <entry key="request.timeout.ms" value="5000" />
              <entry key="ssl.endpoint.identification.algorithm" value="" />
            </map>
          </value>
        </entry>
      </map>
    </option>
    <option name="config">
      <map>
        <entry key="printToFileSelected" value="false" />
        <entry key="progress_tip" value="shown" />
      </map>
    </option>
  </component>
</application>