<application>
  <component name="LocalDatabaseDriverManager" version="201">
    <driver id="bigquery">
      <artifact id="BigQuery" name="BigQuery" use="true" version="1.2.25" />
      <jdbc-additional-properties>
        <property name="override.awt.toolkit" value="false" />
      </jdbc-additional-properties>
    </driver>
    <driver id="mongo">
      <artifact id="MongoDB" name="MongoDB" use="true" version="1.15" />
    </driver>
    <driver id="postgresql">
      <artifact id="PostgreSQL" name="PostgreSQL" use="true" version="42.5.0" />
    </driver>
  </component>
</application>