<application>
  <component name="GoSdkList">
    <sdk-url>
      <set>
        <option value="file://$USER_HOME$/go/go1.14" />
        <option value="file://$USER_HOME$/go/go1.14.15" />
        <option value="file://$USER_HOME$/go/go1.15" />
        <option value="file://$USER_HOME$/go/go1.16" />
        <option value="file://$USER_HOME$/go/go1.17.11" />
        <option value="file://$USER_HOME$/go/go1.18" />
        <option value="file://$USER_HOME$/go/go1.19" />
        <option value="file:///usr/local/Cellar/go/1.17.5/libexec" />
        <option value="file:///usr/local/Cellar/go/1.18.3/libexec" />
        <option value="file:///usr/local/opt/go/libexec" />
      </set>
    </sdk-url>
  </component>
</application>