<application>
  <component name="DefaultFont">
    <option name="FONT_FAMILY" value="SF Mono" />
    <option name="LINE_SPACING" value="1.1" />
    <option name="USE_LIGATURES" value="true" />
  </component>
  <component name="EditorSettings">
    <option name="USE_SOFT_WRAPS" value="" />
    <option name="STRIP_TRAILING_SPACES" value="Whole" />
    <option name="IS_ENSURE_NEWLINE_AT_EOF" value="true" />
    <option name="IS_FOLDING_OUTLINE_SHOWN" value="false" />
    <option name="SHOW_BREADCRUMBS" value="false" />
    <option name="IS_WHITESPACES_SHOWN" value="true" />
    <option name="IS_INNER_WHITESPACES_SHOWN" value="false" />
    <option name="IS_DND_ENABLED" value="false" />
    <option name="SHOW_PARAMETER_NAME_HINTS" value="false" />
  </component>
</application>