<application>
  <component name="IntentionManagerSettings">
    <ignoreAction name="CoffeeScript/Replace Double-Quoted String with Single-Quoted String" />
    <ignoreAction name="CoffeeScript/Replace Single-Quoted String with Double-Quoted String" />
    <ignoreAction name="Dart/Quick assist powered by the Dart Analysis Server" />
    <ignoreAction name="Other/Flip ','" />
    <ignoreAction name="XML/Add Xsi schema location for external resource" />
    <ignoreAction name="XML/Choose Color" />
    <ignoreAction name="XML/Collapse empty tag" />
    <ignoreAction name="XML/Expand empty tag" />
    <ignoreAction name="XML/Fetch external resource" />
    <ignoreAction name="XML/Insert namespace prefix" />
    <ignoreAction name="XML/Manually setup external resource" />
    <ignoreAction name="XML/Merge Tags" />
    <ignoreAction name="XML/Reset to default namespace" />
    <ignoreAction name="XML/Split current tag" />
    <ignoreAction name="XSLT/Add optional Argument(s)" />
    <ignoreAction name="XSLT/Convert if to choose" />
    <ignoreAction name="XSLT/Inline xsl:attribute" />
    <ignoreAction name="XSLT/Replace with xsl:attribute" />
  </component>
</application>