<application>
  <component name="MaterialThemeConfig">
    <option name="allowDataCollection" value="true" />
    <option name="compactSidebar" value="true" />
    <option name="highlightColorEnabled" value="true" />
    <option name="isCompactStatusBar" value="true" />
    <option name="isCompactTables" value="true" />
    <option name="isCustomTreeIndentEnabled" value="true" />
    <option name="isHighContrast" value="true" />
    <option name="isWizardShown" value="true" />
    <option name="monochromeIcons" value="true" />
    <option name="highlightThickness" value="4" />
    <option name="tabsHeight" value="34" />
    <option name="accentColor" value="f94865" />
    <option name="highlightColor" value="f94865" />
    <option name="selectedTheme" value="DARKER" />
    <option name="userId" value="2ac749e1:164ebea0f51:-7fff" />
    <option name="version" value="3.5.0.1" />
  </component>
</application>