<application>
  <component name="UISettings">
    <option name="FONT_FACE" value="SF Mono" />
    <option name="FONT_SCALE" value="1.0" />
    <option name="HIDE_TOOL_STRIPES" value="true" />
    <option name="OVERRIDE_NONIDEA_LAF_FONTS" value="true" />
    <option name="RIGHT_HORIZONTAL_SPLIT" value="true" />
    <option name="SHOW_MAIN_TOOLBAR" value="true" />
    <option name="SHOW_MEMORY_INDICATOR" value="true" />
    <option name="SHOW_NAVIGATION_BAR" value="false" />
  </component>
</application>