<application>
  <component name="VimSettings">
    <state version="4" enabled="true" />
    <globalmarks />
    <filemarks>
      <file name="$USER_HOME$/DEV/cookit-ecom/imports/ui/routes.js" timestamp="1550015219089">
        <mark key="'" line="36" column="80" />
        <mark key="[" line="36" column="43" />
        <mark key="]" line="36" column="78" />
        <mark key="^" line="36" column="78" />
        <mark key="." line="36" column="78" />
      </file>
      <file name="$USER_HOME$/DEV/cookit-admin/client/ui/pages/RecipesBaskets/RecipesBasketsPresenter.js" timestamp="1551297456204">
        <mark key="'" line="107" column="39" />
        <mark key="[" line="13" column="65" />
        <mark key="]" line="13" column="114" />
        <mark key="^" line="13" column="114" />
        <mark key="." line="13" column="114" />
      </file>
      <file name="$USER_HOME$/DEV/cookit-ecom/imports/ui/views/DashboardMenus/Dashboard.js" timestamp="1551290726516">
        <mark key="[" line="0" column="0" />
        <mark key="]" line="0" column="0" />
        <mark key="." line="0" column="0" />
      </file>
      <file name="$USER_HOME$/DEV/cookit-ecom/imports/ui/views/SubscriptionV4/DeliverySlots/DeliverySlotsSmollView.js" timestamp="1550015342784">
        <mark key="'" line="144" column="11" />
        <mark key="[" line="172" column="0" />
        <mark key="]" line="172" column="0" />
        <mark key="^" line="68" column="14" />
        <mark key="." line="172" column="0" />
      </file>
      <file name="$USER_HOME$/DEV/cookit-ecom/imports/ui/views/SubscriptionV4/DeliverySlots/DeliverySlotsPresenter.js" timestamp="1550015115304">
        <mark key="'" line="162" column="13" />
      </file>
    </filemarks>
    <jumps>
      <jump line="81" column="40" filename="$USER_HOME$/DEV/cookit-ecom/imports/ui/routes.js" />
      <jump line="89" column="69" filename="$USER_HOME$/DEV/cookit-ecom/imports/ui/routes.js" />
      <jump line="109" column="213" filename="$USER_HOME$/DEV/cookit-ecom/imports/ui/routes.js" />
      <jump line="162" column="13" filename="$USER_HOME$/DEV/cookit-ecom/imports/ui/views/SubscriptionV4/DeliverySlots/DeliverySlotsPresenter.js" />
      <jump line="34" column="19" filename="$USER_HOME$/DEV/cookit-ecom/imports/ui/views/SubscriptionV4/DeliverySlots/DeliverySlotsSmollView.js" />
      <jump line="36" column="80" filename="$USER_HOME$/DEV/cookit-ecom/imports/ui/routes.js" />
      <jump line="144" column="11" filename="$USER_HOME$/DEV/cookit-ecom/imports/ui/views/SubscriptionV4/DeliverySlots/DeliverySlotsSmollView.js" />
      <jump line="94" column="39" filename="$USER_HOME$/DEV/cookit-admin/client/ui/pages/RecipesBaskets/RecipesBasketsPresenter.js" />
      <jump line="107" column="39" filename="$USER_HOME$/DEV/cookit-admin/client/ui/pages/RecipesBaskets/RecipesBasketsPresenter.js" />
    </jumps>
    <registers>
      <register name="&quot;" type="2">
        <text encoding="base64">aW1wb3J0IFJlYWN0IGZyb20gJ3JlYWN0Jwo=</text>
      </register>
      <register name="-" type="4">
        <text>, isMobile</text>
      </register>
      <register name="/" type="4">
        <text>recipePrint</text>
      </register>
      <register name="1" type="2">
        <text encoding="base64">aW1wb3J0IFJlYWN0IGZyb20gJ3JlYWN0Jwo=</text>
      </register>
      <register name="2" type="2">
        <text encoding="base64">Cg==</text>
      </register>
      <register name="3" type="2">
        <text encoding="base64">ICAgIH0K</text>
      </register>
      <register name="4" type="2">
        <text encoding="base64">ICAgIGlmIChpc01vYmlsZSkgewo=</text>
      </register>
      <register name="5" type="2">
        <text encoding="base64">ICAgICAgKQo=</text>
      </register>
      <register name="6" type="2">
        <text encoding="base64">ICAgICAgICAvPgo=</text>
      </register>
      <register name="7" type="2">
        <text encoding="base64">ICAgICAgICAgIG9uU3VibWl0RGVsaXZlcnlTbG90PXt0aGlzLm9uU3VibWl0RGVsaXZlcnlTbG90fQo=</text>
      </register>
      <register name="8" type="2">
        <text encoding="base64">ICAgICAgICAgIGhhbmRsZVNlbGVjdGVkSG91ckNoYW5nZT17dGhpcy5oYW5kbGVTZWxlY3RlZEhvdXJDaGFuZ2V9Cg==</text>
      </register>
      <register name="9" type="2">
        <text encoding="base64">ICAgICAgICAgIHsuLi50aGlzLnN0YXRlfQo=</text>
      </register>
      <register name=":" type="4">
        <text>w</text>
      </register>
    </registers>
    <search>
      <last-search>recipePrint</last-search>
      <last-offset />
      <last-pattern>recipePrint</last-pattern>
      <last-dir>1</last-dir>
      <show-last>false</show-last>
    </search>
    <history>
      <history-search>
        <entry>DeliverySlots</entry>
        <entry>DeliverySlotsSmollView</entry>
        <entry>inject</entry>
        <entry>DeliverySlotsContainer</entry>
        <entry>SmollView</entry>
        <entry>render()</entry>
        <entry>recipePrint</entry>
      </history-search>
      <history-cmd>
        <entry>noh</entry>
        <entry>n</entry>
        <entry>w</entry>
      </history-cmd>
      <history-expr />
      <history-input />
    </history>
    <shortcut-conflicts>
      <shortcut-conflict owner="vim">
        <text>ctrl pressed R</text>
      </shortcut-conflict>
      <shortcut-conflict owner="vim">
        <text>ctrl pressed D</text>
      </shortcut-conflict>
    </shortcut-conflicts>
    <editor>
      <key-repeat enabled="true" />
    </editor>
  </component>
</application>