<code_scheme name="Default" version="173">
  <GoCodeStyleSettings>
    <option name="REMOVE_REDUNDANT_IMPORT_ALIASES" value="true" />
    <option name="MOVE_ALL_IMPORTS_IN_ONE_DECLARATION" value="true" />
    <option name="MOVE_ALL_STDLIB_IMPORTS_IN_ONE_GROUP" value="true" />
    <option name="GROUP_STDLIB_IMPORTS" value="true" />
    <option name="CREATE_LOCAL_GROUP" value="true" />
    <option name="LOCAL_PACKAGE_PREFIXES" />
  </GoCodeStyleSettings>
  <SqlCodeStyleSettings version="6">
    <option name="KEYWORD_CASE" value="2" />
    <option name="TYPE_CASE" value="2" />
    <option name="CUSTOM_TYPE_CASE" value="2" />
    <option name="QUERY_SECTION_1ST_WORD_ALIGN" value="0" />
    <option name="QUERY_EL_LINE" value="101" />
    <option name="QUERY_EL_COMMA" value="2" />
    <option name="QUERY_IN_ONE_STRING" value="3" />
    <option name="SUBQUERY_CONTENT" value="2" />
    <option name="SUBQUERY_CLOSING" value="2" />
    <option name="INSERT_TABLE_EL_LINE" value="101" />
    <option name="WITH_EL_LINE" value="101" />
    <option name="WITH_EL_WRAP" value="0" />
    <option name="WITH_EL_COMMA" value="2" />
    <option name="SELECT_EL_LINE" value="101" />
    <option name="SELECT_EL_WRAP" value="0" />
    <option name="SELECT_EL_COMMA" value="2" />
    <option name="SELECT_KEEP_N_ITEMS_IN_LINE" value="2" />
    <option name="SELECT_USE_AS_WORD" value="1" />
    <option name="SELECT_ASTERISK_REGULAR" value="true" />
    <option name="FROM_EL_LINE" value="1" />
    <option name="FROM_EL_WRAP" value="2" />
    <option name="FROM_WRAP_ON" value="true" />
    <option name="FROM_ONLY_JOIN_INDENT" value="1" />
    <option name="FROM_PLACE_ON" value="11" />
    <option name="WHERE_EL_LINE" value="101" />
    <option name="ORDER_EL_LINE" value="1" />
    <option name="ORDER_EL_WRAP" value="2" />
    <option name="ORDER_EL_COMMA" value="0" />
    <option name="ORDER_ALIGN_ASC_DESC" value="true" />
    <option name="CORTEGE_SPACE_BEFORE_L_PAREN" value="false" />
    <option name="EXPR_BINARY_OP_ALIGN" value="false" />
    <option name="EXPR_CASE_WHEN_WRAP" value="false" />
    <option name="EXPR_CASE_WHEN_INDENT" value="false" />
    <option name="EXPR_CASE_THEN_ALIGN" value="true" />
    <option name="EXPR_CASE_ELSE_ALIGN_THEN" value="true" />
    <option name="EXPR_CASE_END" value="1" />
  </SqlCodeStyleSettings>
</code_scheme>